-- CREATE DATABASE  IF NOT EXISTS `miranda_db`;
-- USE `miranda_db`;
SET FOREIGN_KEY_CHECKS=0;

DROP TABLE IF EXISTS `amenity`;
CREATE TABLE `amenity` (
  `id` int NOT NULL AUTO_INCREMENT,
  `name` varchar(255) DEFAULT NULL,
  PRIMARY KEY (`id`)
) ENGINE=InnoDB AUTO_INCREMENT=19 DEFAULT CHARSET=utf8mb4 COLLATE=utf8mb4_0900_ai_ci;



LOCK TABLES `amenity` WRITE;
INSERT INTO `amenity` VALUES (1,'Breakfast'),(2,'Locker'),(3,'Kitchen'),(4,'24/7 Online Support'),(5,'High Speed Wifi'),(6,'Air Conditioner'),(7,'Shop Near'),(8,'Single Bed'),(9,'Expert Team'),(10,'Towels'),(11,'Cleaning'),(12,'Shower'),(13,'Smart Security');
UNLOCK TABLES;



DROP TABLE IF EXISTS `booking`;

CREATE TABLE `booking` (
  `id` int NOT NULL AUTO_INCREMENT,
  `name` varchar(255) DEFAULT NULL,
  `order_date` timestamp NOT NULL DEFAULT CURRENT_TIMESTAMP,
  `check_in` timestamp NOT NULL,
  `check_out` timestamp NOT NULL,
  `hour_check_in` varchar(50) NOT NULL,
  `hour_check_out` varchar(50) NOT NULL,
  `discount` int NOT NULL,
  `special_request` varchar(255) DEFAULT NULL,
  `status` varchar(255) DEFAULT NULL,
  `room` int NOT NULL,
  PRIMARY KEY (`id`),
  KEY `room` (`room`),
  CONSTRAINT `booking_ibfk_1` FOREIGN KEY (`room`) REFERENCES `room` (`id`) ON DELETE CASCADE
) ENGINE=InnoDB AUTO_INCREMENT=21 DEFAULT CHARSET=utf8mb4 COLLATE=utf8mb4_0900_ai_ci;



LOCK TABLES `booking` WRITE;
INSERT INTO `booking` VALUES (1,'Mrs. Kristen Jones','2024-12-10 10:33:56','2025-03-24 11:56:08','2025-04-14 02:24:02','10:17:24','15:13:42',52,'Acidus illo argentum admoveo aut sumo universe adamo verumtamen. Demulceo demonstro molestiae suppono vestrum deinde decumbo teres. Vulgaris appono vigor tersus delibero accusamus benigne vel cunae facere.','Check In',9),(2,'Israel Stanton','2023-11-16 13:54:55','2024-08-14 15:31:57','2024-08-16 21:25:32','12:50:28','10:58:37',9,'Capitulus cogo animadverto. Thorax admoneo damno. Sufficio suffoco color esse calculus constans deprecator.','Check In',1),(3,'Tonya Langworth-Wyman','2024-11-24 14:17:48','2025-03-11 08:23:36','2025-03-29 18:21:25','12:28:53','22:19:03',81,'Audio somnus demergo ubi addo complectus stips spero tendo asper. Error terra canis iste. Delibero crudelis vorago decet cui advenio denego cognomen qui testimonium.','Check Out',6),(4,'Mr. Sam Lind PhD','2023-12-25 12:45:02','2024-06-18 23:59:16','2024-07-17 12:44:38','21:55:31','15:28:01',75,'Adstringo volubilis perspiciatis cito apostolus patruus cariosus arbor tot. Canonicus aer ab viridis. Audentia subito angelus theatrum administratio vestigium arcus.','Check Out',3),(5,'Blake Effertz','2024-02-19 21:58:58','2025-01-26 01:33:28','2025-02-20 18:46:05','1:37:35','9:22:02',20,'Volva appositus ultra. Absorbeo annus audentia crepusculum cetera illo deserunt placeat vinitor. Veritatis admiratio adaugeo viriliter calcar attonbitus varietas pax coerceo.','Check In',13),(6,'Judy Langosh','2023-11-05 20:29:34','2024-06-28 20:50:19','2024-07-28 06:14:39','6:21:07','1:14:22',28,'Adsidue atqui totus. Varius volva labore brevis thesaurus. Acceptus ullus harum.','Check Out',4),(7,'Mr. Terrell Romaguera','2024-04-12 17:45:46','2024-11-29 01:00:17','2024-12-18 01:52:09','13:48:27','15:09:47',80,'Capitulus uberrime saepe claro creo. Adimpleo vulgivagus alter sortitus communis tondeo non. Suadeo derelinquo terra tertius aiunt celo correptius vomica porro umerus.','Check In',12),(8,'Karen Wilkinson','2024-11-09 08:36:05','2024-12-16 12:20:07','2024-12-30 05:07:18','16:29:48','4:44:26',75,'Aspicio saepe cometes tendo. Textus vilis audeo doloremque calculus tabesco tabella complectus clamo. Candidus cunae triduana comprehendo tracto vobis adamo vindico.','Check In',8),(9,'Olive Metz','2024-06-27 12:56:52','2025-03-01 23:38:02','2025-03-22 07:34:11','12:44:03','9:21:37',25,'Apostolus vesper carpo amplexus thesaurus valens succurro thorax. Caries creator sustineo creo. Placeat tubineus conicio accedo volutabrum suscipit cilicium.','Check Out',5),(10,'Ernesto Cassin','2024-02-24 08:13:54','2024-06-10 06:42:40','2024-07-08 23:04:52','19:42:55','18:02:43',37,'Quia sapiente consequatur calcar temperantia vinculum pauper conor abundans beneficium. Aggero acidus suffoco tondeo aurum vulariter decor pax confido. Suffragium velit denego cernuus tres aranea conicio sollicito tenus.','Check Out',7),(11,'Franklin Daniel','2023-10-19 08:21:40','2024-10-07 22:32:08','2024-10-19 22:13:57','3:28:28','5:10:24',80,'Adicio spero velum. Tertius amissio defero id dolores adaugeo. Tubineus territo cibus casso carcer curtus deficio.','Check In',14),(12,'Gregory Jacobson','2024-07-11 22:25:51','2024-11-15 07:29:49','2024-11-23 22:07:06','15:48:43','22:25:29',92,'Fugit communis adsuesco capio. Abeo deorsum cura patria cras atrocitas sum aeger. Acsi currus appello admitto.','Check In',2),(13,'Sheldon Ledner','2024-07-10 12:43:33','2024-07-17 13:59:10','2024-07-29 14:37:52','13:50:33','1:49:56',84,'Aptus calamitas tego solio ubi cohibeo amissio depromo. Confero tactus commodo sono volva doloribus toties. Doloremque adhaero unus desidero utroque aufero.','Check Out',11),(14,'Dr. Elisa Haley','2024-02-11 20:26:17','2024-07-18 13:29:56','2024-08-06 04:38:12','1:47:09','9:13:33',35,'Vado volutabrum caste pax crux ventito ullam. Curiositas degenero vesco umerus valde ducimus accendo argentum thalassinus corrigo. Ultio carmen excepturi theatrum eum terror.','Check In',10),(15,'Bradford Hayes','2023-12-03 23:44:05','2024-11-25 07:28:54','2024-12-19 10:50:21','14:50:41','0:45:16',98,'Talis utique dicta dignissimos amitto sophismata. Tempora voluptas arcesso tabula alius. Aperio socius correptius copiose trans thermae volup umerus creo sublime.','Check In',15),(16,'Alejandro Fisman','2024-05-07 12:53:00','2026-01-10 23:00:00','2026-02-21 23:00:00','12:00','11:00',0,'Test php','Check In',1),(17,'Alejandro Fisman','2024-05-07 13:31:00','2024-12-08 23:00:00','2025-01-30 23:00:00','12:00','11:00',0,'Test php','Check In',1),(18,'Alejandro Fisman','2024-05-07 13:31:40','2024-07-21 22:00:00','2024-08-21 22:00:00','12:00','11:00',0,'Test php2','Check In',1),(19,'Alejandro Fisman','2024-05-08 08:06:05','2024-05-14 22:00:00','2024-05-28 22:00:00','12:00','11:00',0,'a','Check In',1),(20,'Alejandro Fisman','2024-05-08 09:08:27','2024-04-10 22:00:00','2024-04-30 22:00:00','12:00','11:00',0,'a','Check In',1);
UNLOCK TABLES;



DROP TABLE IF EXISTS `contact`;

CREATE TABLE `contact` (
  `id` int NOT NULL AUTO_INCREMENT,
  `image` varchar(500) NOT NULL,
  `full_name` varchar(255) NOT NULL,
  `email` varchar(255) NOT NULL,
  `phone` varchar(255) NOT NULL,
  `date` timestamp NOT NULL DEFAULT CURRENT_TIMESTAMP,
  `message` varchar(500) NOT NULL,
  `subject` varchar(255) NOT NULL,
  `rating` int NOT NULL,
  `is_read` tinyint(1) NOT NULL,
  PRIMARY KEY (`id`)
) ENGINE=InnoDB AUTO_INCREMENT=16 DEFAULT CHARSET=utf8mb4 COLLATE=utf8mb4_0900_ai_ci;

LOCK TABLES `contact` WRITE;
INSERT INTO `contact` VALUES (1,'https://cloudflare-ipfs.com/ipfs/Qmd3W5DuhgHirLHGVixi6V76LhCkZUz6pnFt5AJBiyvHye/avatar/384.jpg','Harry Cormier','Elinore90@yahoo.com','236.810.3479 x58346','2023-04-29 16:06:21','Amoveo ab turpis veritatis auctor carpo coniuratio. Tempora arceo adiuvo toties aveho alter vir tum. Beatae illo agnitio vigilo accusamus torqueo cura clementia.\nVotum demergo abbas. Desipio aer abduco ventus socius crudelis. Tamdiu soleo aliquid summopere thymbra sit blanditiis defendo comis altus.','vaco stabilis',2,0),(2,'https://avatars.githubusercontent.com/u/97162961','Herbert Carter','Magali_Tremblay@gmail.com','1-552-688-8204 x082','2023-06-12 12:58:37','Tabgo tantum dignissimos cohaero eum. Cogito alveus veniam damnatio patior amissio velut crapula vulariter. Depulso amor substantia advenio varius iure tremo tricesimus.\nStipes autus aufero clam placeat callide. Labore pecco denique comitatus audacia nemo sto vere tristis thymbra. Delectatio voveo vesco comptus cogo claro terror voluptatum aetas tracto.','vestigium desino',4,0),(3,'https://avatars.githubusercontent.com/u/6846434','Mrs. Hattie Jacobs I','Liana_Mitchell97@yahoo.com','580-570-7639 x9222','2023-08-31 02:09:26','Coadunatio excepturi placeat ea. Infit vir caecus. Comis amplexus vester stabilis quod culpo repellat iusto.\nAeneus damno depopulo fugit cado amoveo caritas animus. Curriculum quis supplanto. Sulum custodia error aestivus corrupti.','caelestis crudelis',2,0),(4,'https://avatars.githubusercontent.com/u/62974075','Cheryl Cole','Garett61@yahoo.com','1-680-548-0204 x89286','2024-02-05 08:11:23','Thema placeat advoco harum benevolentia cum. Trans non conspergo desparatus vero. Super cimentarius aliquam.\nClementia arcesso usus comedo deputo vir deleniti vapulus. Delectatio exercitationem sequi. Aegrotatio commodi demo volo vestigium solio desparatus sursum conicio volaticus.','ulterius optio',5,0),(5,'https://cloudflare-ipfs.com/ipfs/Qmd3W5DuhgHirLHGVixi6V76LhCkZUz6pnFt5AJBiyvHye/avatar/388.jpg','Della McGlynn','Fae.Jakubowski@hotmail.com','1-232-880-2212','2023-07-28 03:25:31','Amita confugo cedo arceo astrum. Defluo volutabrum aiunt communis calculus vae certus. Vivo ventito quidem defaeco.\nSolus vivo ancilla. Ullus cupio solio officiis animus demulceo civitas conturbo vae earum. Cribro valde sit crustulum abstergo territo torqueo voluptatibus.','degenero totus',5,0),(6,'https://avatars.githubusercontent.com/u/49657409','Annette Wisoky MD','Courtney.Thiel@yahoo.com','696-958-0889 x1506','2024-01-08 10:36:27','Ipsam defungo cometes tabernus bonus et denique auctor. Cibus auxilium surgo comes vis alienus defaeco corrupti vesco. Dedico suscipio vix verbum alo thesaurus decipio pauper.\nArmarium spiritus trado dolore audentia. Cura amplitudo temporibus denego degenero cumque. Articulus cubicularis arceo casso suffragium quae aurum asper et illum.','coepi voluptatum',1,0),(7,'https://cloudflare-ipfs.com/ipfs/Qmd3W5DuhgHirLHGVixi6V76LhCkZUz6pnFt5AJBiyvHye/avatar/664.jpg','Ramona Armstrong','Lavinia97@gmail.com','773-330-2160','2024-02-29 15:24:34','Curto deduco placeat architecto carcer. Bellum incidunt aspicio tamen adficio templum tui audio tactus curiositas. Pauper admitto solutio.\nVesco cupressus vilis arto. Succedo amita crudelis clamo corporis amplus ulterius. Aurum quo adeptio cubo termes.','ulterius substantia',5,0),(8,'https://cloudflare-ipfs.com/ipfs/Qmd3W5DuhgHirLHGVixi6V76LhCkZUz6pnFt5AJBiyvHye/avatar/427.jpg','Ron McCullough','Darlene98@hotmail.com','475-361-9908 x893','2023-09-21 22:24:52','Confugo conscendo audio tonsor. Arcus culpa ipsum verecundia cubicularis defessus beatus tener subnecto. Suscipio odio sono ascit conventus combibo.\nCanis iste ultra thesis aeger sumptus desidero. Valens summisse coruscus. Earum administratio sui denuo demens strenuus repellendus atque cito socius.','defungo crudelis',5,0),(9,'https://cloudflare-ipfs.com/ipfs/Qmd3W5DuhgHirLHGVixi6V76LhCkZUz6pnFt5AJBiyvHye/avatar/1177.jpg','Dwight Bogisich','Uriah.Upton@hotmail.com','(789) 389-9457 x07152','2023-07-12 11:45:26','Ipsum spiculum vestigium allatus. Audeo taceo corrupti mollitia vomica. Centum tamisium cunae consectetur attero demum.\nReiciendis voluptatum demens tenax caelum consequatur dolorem necessitatibus. Ago omnis crastinus vociferor tenetur fugiat compello. Averto cauda testimonium.','urbanus statim',3,0),(10,'https://cloudflare-ipfs.com/ipfs/Qmd3W5DuhgHirLHGVixi6V76LhCkZUz6pnFt5AJBiyvHye/avatar/218.jpg','Shawn Hessel','Neil_Stokes67@gmail.com','(327) 548-0748 x44060','2024-02-15 19:07:13','Viscus sortitus aestas harum delectus tabernus viriliter vestrum vergo. Demergo careo patrocinor iusto sperno certe animadverto supellex a. Tamisium spes vulticulus circumvenio defleo adaugeo cubo cavus.\nCorporis deprimo venia aut theologus tibi quasi carus utilis. Sonitus cultura comis mollitia trucido. Deputo cohaero sint auditor valens.','tempus accendo',5,0),(11,'https://cloudflare-ipfs.com/ipfs/Qmd3W5DuhgHirLHGVixi6V76LhCkZUz6pnFt5AJBiyvHye/avatar/133.jpg','Anne Davis','Stephon.Stokes83@gmail.com','813-573-2298','2023-10-19 03:18:24','Volo concedo degenero soleo apud attero autus succurro. Suspendo voluptas pauper cavus angelus vestigium vesper. Clam acerbitas adnuo.\nSuffoco truculenter demoror curtus armarium auxilium confero caelum. Cavus dignissimos spes verto antepono ambitus aqua. Crebro arx celo.','ultra balbus',5,0),(12,'https://avatars.githubusercontent.com/u/66898933','Jackie Douglas','Meagan_Wiegand72@yahoo.com','382-382-3749 x6589','2024-02-19 16:04:13','Crux calamitas desolo deprecator. Aperio defetiscor cum. Articulus iste commemoro cometes tepesco.\nSuggero solio conturbo vehemens appello paens paens. Ratione cunabula consequatur vehemens. Ars delicate vestrum confido vir aeger.','acer socius',3,0),(13,'https://avatars.githubusercontent.com/u/55447775','Dolores Kozey PhD','Shanelle79@yahoo.com','1-820-404-1334','2023-04-02 04:31:06','Defluo acidus comptus numquam sint suffragium atqui delectatio tendo abbas. Supplanto totidem ventosus uberrime certus. Caelum considero non arguo cogito quo administratio cuius facere tertius.\nCervus atque dolor aliquid spes compono vigor antea. Talio confido conculco artificiose deserunt tubineus pecus. Dicta cena similique barba spero.','arceo utrum',1,0),(14,'https://avatars.githubusercontent.com/u/31969504','Dr. Violet Windler','Drake_Jakubowski43@gmail.com','(531) 518-2368','2023-05-13 19:57:04','Apto nisi turba cervus veritas damno vulpes corona circumvenio. Decretum eius viscus defleo amitto. Suppellex ait contego cubicularis aiunt derelinquo deleo quos pecto.\nDesipio acervus asporto suasoria aequitas ascisco. Degusto adhuc quibusdam. Magnam solium barba allatus.','coadunatio quae',2,0),(15,'https://cloudflare-ipfs.com/ipfs/Qmd3W5DuhgHirLHGVixi6V76LhCkZUz6pnFt5AJBiyvHye/avatar/256.jpg','Jacob McKenzie','Ray_Nikolaus14@yahoo.com','(903) 570-3583 x230','2023-08-25 16:38:28','Angulus adduco verecundia clarus basium vitiosus tactus dicta pauci. In aggero apostolus fugit sufficio vinum. Vix cicuta suscipio vapulus appositus vulgo qui aufero.\nStabilis tandem anser desipio architecto turpis aduro tabernus beatus. Tristis vestigium sufficio trepide antea ustulo tempore deleo. Clam commodo valeo cohaero suffragium coadunatio demoror.','decimus valeo',5,0);
UNLOCK TABLES;

--
--

DROP TABLE IF EXISTS `employee`;

CREATE TABLE `employee` (
  `id` int NOT NULL AUTO_INCREMENT,
  `full_name` varchar(100) NOT NULL,
  `contact` varchar(50) NOT NULL,
  `email` varchar(50) NOT NULL,
  `photo` varchar(420) NOT NULL,
  `description` text NOT NULL,
  `start_date` timestamp NOT NULL,
  `status` varchar(50) NOT NULL,
  `position` varchar(50) NOT NULL,
  `password` varchar(100) NOT NULL,
  PRIMARY KEY (`id`)
) ENGINE=InnoDB AUTO_INCREMENT=16 DEFAULT CHARSET=utf8mb4 COLLATE=utf8mb4_0900_ai_ci;


LOCK TABLES `employee` WRITE;
INSERT INTO `employee` VALUES (1,'Israel Kunde','958.527.9263 x699','Henriette.Fay@gmail.com','https://avatars.githubusercontent.com/u/10717774','Cum dignissimos cavus voluptatibus adulescens. Adfectus damnatio vere ulciscor vallum quas theca curvo deludo.','2017-03-29 19:57:27','true','Reception','$2a$10$.Fu.2AOLdvVEp0HHblMmAOajszuaulB05iy/A6y2ecU.j85cidTF.'),(2,'Alexandra Schamberger DDS','475-638-0848 x1638','Orion_Sanford@yahoo.com','https://cloudflare-ipfs.com/ipfs/Qmd3W5DuhgHirLHGVixi6V76LhCkZUz6pnFt5AJBiyvHye/avatar/77.jpg','Adficio vulticulus temptatio asporto summopere clam toties. Certus ventito statim territo calcar quam aeger adfero speciosus.','2019-12-14 21:16:45','true','Manager','$2a$10$pOCjv2p4GTzL2w5UjIUpFezSxuetysAlG3tqWrNvspSQkt6NOQOAC'),(3,'Eloise Crona','465-839-4300 x44792','Henri40@yahoo.com','https://cloudflare-ipfs.com/ipfs/Qmd3W5DuhgHirLHGVixi6V76LhCkZUz6pnFt5AJBiyvHye/avatar/947.jpg','Conscendo colligo aspicio sublime alius. Cubitum tandem deserunt somniculosus.','2022-08-05 21:26:37','true','Reception','$2a$10$FHEQhql8LrkAd.sHBbz8DuaJ0XEaFA9LU.l6Qr6.iI2W7S6S1tgea'),(4,'Darrin Volkman','598-415-3032 x358','Madilyn36@hotmail.com','https://avatars.githubusercontent.com/u/57672957','Corona deripio comburo laboriosam assumenda desipio sordeo cohibeo crebro. Ubi caelestis verto.','2019-06-05 09:59:07','true','Manager','$2a$10$l1jYDpibQfkxmPIkk12cte3yGuCeQvqWjbxkzvvh.V/7h4l6XYGki'),(5,'Miss Naomi Stark','989.926.0693 x3377','Daphnee.Wyman-Volkman@yahoo.com','https://cloudflare-ipfs.com/ipfs/Qmd3W5DuhgHirLHGVixi6V76LhCkZUz6pnFt5AJBiyvHye/avatar/166.jpg','Apto vis veritas cerno. Canto dolor aurum auxilium cursim ipsum crur somniculosus arbor.','2021-08-06 00:34:59','true','Room Service','$2a$10$vxY0/AS7mJF0ZcjhIAgATuqDCtu2yXr9kE7g5.dZQOVi9TSY6ZKWW'),(6,'Randolph Zemlak','1-645-390-2858 x839','Justice32@hotmail.com','https://avatars.githubusercontent.com/u/78503303','Vel itaque spargo corona casso stabilis absens adstringo usus. Bellicus deinde consectetur depono eius sit.','2020-05-30 17:36:40','true','Room Service','$2a$10$hCUlDsaPAFWx8AaXHgCvs.wO6TLeYYnPEuNrqmOzBPrWH63c0p3y.'),(7,'Micheal Hessel','764-556-7156','Ignacio_Bauch4@yahoo.com','https://avatars.githubusercontent.com/u/96060646','Sonitus venia clarus capto cilicium dicta video vulpes cogo claro. Administratio utor utpote carbo eos soluta ipsum hic.','2022-10-26 15:55:02','true','Room Service','$2a$10$kfhUT3T0M7J/wClI4AkO7ej4QOBXGDixy6T19MO25ZIjmOdNeSiEq'),(8,'Miss Joanne MacGyver','926.670.1482','Beth32@hotmail.com','https://cloudflare-ipfs.com/ipfs/Qmd3W5DuhgHirLHGVixi6V76LhCkZUz6pnFt5AJBiyvHye/avatar/1052.jpg','Calamitas spero thema aspicio voveo casus delego. Sapiente denuncio tutamen ducimus vicinus saepe contigo.','2016-04-16 09:53:50','true','Manager','$2a$10$Binwjs8.B47sXUMaIn.4VeO6v/4G3IHCTrqtO2MXSBiRsJQk5Y6Ea'),(9,'Harry Wisoky','(790) 518-5138 x265','Jamarcus12@hotmail.com','https://cloudflare-ipfs.com/ipfs/Qmd3W5DuhgHirLHGVixi6V76LhCkZUz6pnFt5AJBiyvHye/avatar/456.jpg','Repellendus clamo ago ater patior. Arcesso vinculum blandior.','2014-07-30 03:22:39','true','Reception','$2a$10$FKk4Ru8EYf6e.ppzRxn6RuIVk0ah3KtACjvnJsMeoAt7VnQiB2C4y'),(10,'Gretchen Greenholt-Heaney Jr.','469-391-2195 x78116','Emmy.Walsh26@hotmail.com','https://cloudflare-ipfs.com/ipfs/Qmd3W5DuhgHirLHGVixi6V76LhCkZUz6pnFt5AJBiyvHye/avatar/600.jpg','Speculum cubo cras tres audio. Victus blandior vulpes.','2016-06-24 11:14:43','true','Room Service','$2a$10$fx7L5ib2M8CnWSXtCluGUe9vWh.LZDnVDMNI/14mG6fJAj4vGOhfO'),(11,'Bridget Heller','1-212-371-9579 x6766','Madilyn_Harvey26@gmail.com','https://avatars.githubusercontent.com/u/17163398','Claudeo officiis cibo solitudo. Fugit consectetur amiculum aspernatur.','2016-10-26 23:31:25','true','Room Service','$2a$10$Ed4x3rlSNBUnplLSN7LXbuTmYn1DhiAtyQDUkfBLvON.AN/uO33Ma'),(12,'Winston Stracke','1-768-943-0430 x12098','Juana.Corkery47@hotmail.com','https://avatars.githubusercontent.com/u/19437956','Provident abscido nemo adsidue tumultus varius tamisium nostrum. Arbor mollitia subseco deprimo audeo eveniet tum vigor thymbra quo.','2016-02-26 17:10:47','true','Reception','$2a$10$mvWymj3JM.K.rlkbuVJC3ukS3CksmT.izfAeByjSqKu8vZoAYpHXG'),(13,'Carlton Zulauf','265-409-6535 x57039','Asa30@hotmail.com','https://avatars.githubusercontent.com/u/67425161','Defluo tepidus corrupti cetera. Aeternus deputo temeritas defessus volo dolor corrumpo stultus.','2021-03-19 14:43:01','true','Room Service','$2a$10$C4TurRlokCZVSaTVYJ8AnucCzujUvVr57.YJ/XY6RpCclgEw6J1Ti'),(14,'Micheal Reilly','853-742-4791 x8500','Catharine.Keebler99@hotmail.com','https://cloudflare-ipfs.com/ipfs/Qmd3W5DuhgHirLHGVixi6V76LhCkZUz6pnFt5AJBiyvHye/avatar/1152.jpg','Vapulus delectus verbum adversus nam officia. Audacia annus alienus aequitas campana caveo totus.','2020-05-25 04:42:07','true','Manager','$2a$10$ckjxi.19FE5.4/rcJC/5oOBuGnbbmIb/2ZkRHUiqVn8cn9XPk8K4i'),(15,'Sherman Bauch','(865) 562-8688 x74102','Jadon15@hotmail.com','https://cloudflare-ipfs.com/ipfs/Qmd3W5DuhgHirLHGVixi6V76LhCkZUz6pnFt5AJBiyvHye/avatar/131.jpg','Stella maiores sono tutamen summisse. Rerum considero apto validus desidero commemoro.','2016-12-30 21:25:27','true','Room Service','$2a$10$Lqi.4iWvwJ9EgGMSVzmK.eCEke4td5zBfgg2qTL/5R/bS.RTK.AG6');
UNLOCK TABLES;



DROP TABLE IF EXISTS `photo`;

CREATE TABLE `photo` (
  `id` int NOT NULL AUTO_INCREMENT,
  `url` varchar(500) DEFAULT NULL,
  `room_id` int NOT NULL,
  PRIMARY KEY (`id`),
  KEY `room_id` (`room_id`),
  CONSTRAINT `photo_ibfk_1` FOREIGN KEY (`room_id`) REFERENCES `room` (`id`) ON DELETE CASCADE
) ENGINE=InnoDB AUTO_INCREMENT=46 DEFAULT CHARSET=utf8mb4 COLLATE=utf8mb4_0900_ai_ci;



LOCK TABLES `photo` WRITE;
INSERT INTO `photo` VALUES (1,'data:image/jpeg;base64,/9j/4AAQSkZJRgABAQAAAQABAAD/2wCEAAkGBxAQEBUQEBAVFhUVFhAVFRUQFRUVFRUVFRUWFxUVFRUYHiggGBolHRUVITEhJSkrLi4uFx8zODMtNygtLisBCgoKDg0OGxAQGi0fICUtLSstLS0yKy0rKy0tLy0vLS8tLS0tLS0tLS0tLS0tLS0wLS0tLS0tLS0tLS0tLS0tLf/AABEIALcBEwMBIgACEQEDEQH/xAAcAAABBQEBAQAAAAAAAAAAAAAFAAECBAYDBwj/xABOEAABAwEDBQkKCgkFAAMAAAABAAIDEQQFIQYSMUFREyJSYXGBkbHRIzJCcoKSobLB0gcVJDNTVGKTwvAUFjRjc3SDouElQ6Oz04TD8f/EABkBAAMBAQEAAAAAAAAAAAAAAAABAgMEBf/EACsRAAICAQMDAwMFAQEAAAAAAAABAhEDEiFRBBMxMkGxYZHRIkJSofBxI//aAAwDAQACEQMRAD8A39E4apUTgLOigbe1ywWpoErMW4sewlkkZ2seMWlCv0q12HC0h1ps40TxN7vGP30Te/H22c4WpATlqKAoWS1RzMEsT2vY7EOYQQecJ3hDrdk+A8z2R+4SnF2aKwyn99FgCftCjuNVHZRNh3lvaLO/U8msEn8OXUfsuo7l0rOSKTDYCmAgYyuu767B943tU25W3cdFshPI8FSky2w4ApAIM3KqwfWo+ldBlRYfrLPT2J0S2FwFKiEDKiw/WWensUhlRYfrDeh3YnQrCwClRCBlPYfrDeh/YpDKixfTjzJPdToQWolRCv1nsX03/HL7qQynsf0p+6l91OgC2alRCv1nsf0rvupvcSOU9j+kd9zN7iKCwpmpEIV+s9k+kf8Acz+4kcprJw3/AHE/uJUAVAUw1BxlPZOG/wC4n9xSGU9k4b/uJ/cVJCYXzVFzUM/Wix8N/wBxP7ig7Kix8N/3E/uKqEXJmKhaGrlLlPZPpH/cz+4qNpyksvDf9zN7ixmjWDOkgQTKofJJeRnrtViTKKzcJ/3M3uoRlBfMEtmexhdnHNpWORowe06XNAGhZUzog1aMFZRh5vtRGm8aqFlbp5W9RRIDej860SOyBxttqax7mnEuhaAAKn5ulTsA2rV/BG3Cc/w/xLM2pgDnmmJs4x8hy0/wSnez/wBP8S7Ok8nkdZ4f+9wPlwK3keSP2r6Hub9nj8RnUF875aOHxlWuqPTyr2K7Mr2yxshu+B9oe1rWufQsgYQAMXkVPMOdVkkoydk44uUVRs0lmxYL0dvnW1jCcSxkTS1vEC4EnnKSz7n0Zp21/Jf3+DhRSATgKQCsyGATkKQCeiKA4PaqszFecFWlCymi4nFjF0a1JoXRoUJFNiAXQBIBTAVJEjAKQCcBSoqoVjBOnolROhDJ09EqIoBkxUqJqIGRSUqJUSAiE9UqKVE0BElQcV1ooOamwKkpVKdEJWqlO3BYyNIA2RA8rB8jk/p/9jUekCB5WD5HL/T/AOxqyOiHqR5lZRi7yfxIjH3g/OtD7MMXf0/xIjB82386ylI7YCtwxP8ALn8Y9iJ/B5a3RxzZjc4nMpzV7UOvHvv/AIx65Ua+DFu9m/p/iXb0fk8frPf/AHuZ++t0ktvd6VNKgaAMaBfSlxWdkdnjZG0NaGNoGgAaBsXzxlM3/UvN9q+jLrHcY/EZ1BXJfqZKf6EWkkkkhGaAUgEwCmExCAT0SAUqIA5OCryhWyFwlCzktikcWhdAEzQugChIoQCmAmAUwFSEMApUSAUqJiGSonTpgRokpJqIAVE1FKiVEANRKikmKAI0T0TpwgBqKLguiiUxFaRqpWpuCIvCo2sYLOa2Li9wTIEEyqHyOXkZ67UdeEFyqHySXkb67Vzs6oeUeX2QYnyPaiFnHc2/nWqNjG+I8T2olZx3Jv51lTI7oDXmMR/LO9aVGfgyNGTcsf4kIvTwf5aT1pEU+Dc0ZLys6iu3pPJ5HWe5QymP+ojkb7V9F3b8zH4jPVC+ccpj/qA5Ge1fR93ikUY+wzqCuXqZmvSiwkkkkBnAphRCmExDhOkFJAECFxlCsFcZVEikcmhTATNUwFAxAKYCYBTAVIQwCeicBSomIjRKilRKiYEaJUUqJUQA1EqKSVEARTFTokQgCACkAlRSAQAqKJC6UUSExHB4VG2DBEHhU7W3BZz8Fx8gd4QXKj9kl5G+s1HJUDyp/ZJeRvrNXMdcPUjy+x98eRiJWX5pvP1lDbH3x8VvWETso7i3kd6xUyO+Ar08H+Xl9aREfg7O8l5Y+oodefg/y83rPV/4PTvJfI6iu3pPJ4/WeWDcoDW3jyfavpSwHuTPFb1BfNN/ftw8nrX0pdnzEfiM9UKn6mR+1FlJJJAjPBTCiFMKiRwpJgpIAiVwlVgrhKokUiDQugCg1dGqCiQCkAkFMJgNRJSSomhDJUT0SoqEMmUkkCGSTpJgNRJSSQBEKQSThAD0USFJIoA4uCqW0b1XXKlbtCxyeDSHkDSoJlQPkkvi+0I3Ig2Uw+STeL7QuWztit0eW2IYnkj6yilnHcm+V6xQuw6XckXWUWs/zY5+spM7YnK8j3v8Cb1nq98H/eS+R1FDrwO+A/cS+kvV/IA7yTyOpd3SeTxus8sHX9+3DyetfSl2fMR+Iz1Qvmq/z8t8zrX0pdfzEfiM9UKn6mR+1FpJJJAgAFIKIUwrJJBSTBOgBiuEq7lV5VEikM1dAuQKlnKCjs1BpspWstLLN+jWgiQsAmEY3EZ9c3OeTho2VxG1aK72gg1GtdLziBipTwoj5sjXexZ6tx7FdVLdb2xUq1zi40DWUqTQnWRsKtkoJfHzsH8X8Eic5NLYqEU3ud/jZ31Wb/i99N8bv+qzf8XvqwWkaRTlSoq35+PwRa4+Sub2f9Um6Yf/AESF6yfVZfOh/wDRd0qbAinz8fgLXHycBekn1WXzoP8A0TC931LRZZailRnRYV0Y59FZELj4JXKGzvEkhLTQ5lDyChTqXL/r8CtcfP5IC9Jfqcvnwf8AopfGUv1WTz4PfVjNSoinz8fgLXHyVvjKX6pJ95D76k28pfqr+d8XvLsnDDqB6CnT5+PwFrj5OTrykAqbO7AEnfx6udX4n5zQ7aAekKpaYnCNziMM13UVGy2jubPFb1BFtPcdJrYle9s3CCSYMLyxpcGM75x1NHGVQsFpntEdZbI+BxrvJHMcaCmnNOGn0FXbWc+Ija6Mf3tR2Jo2LCcrdGkf07mOniINCKEbUEylHySbxD1hai/TSZ3k9QWWykPyWbxHLnqtjsg7pnlljbvnf0+sotZ/mxyu6yhdkOLvJ9BRSznuY5X+uUztRRtp7oR+4f8A/YiWQPeyeR1IVavnnfwXdT0VyD7yTyF3dJ5PF63ywZf5+W+b1r6Xuz5iPxGdQXzNfx+Web1r6Zuz5mPxGdQVP1Mz/aiykkkgQACmFEKQWhmTCdME6AsYqnM5WyqcrcVEi4iaVMBQYumcooo6swU6rK5S5Vusro44bOZnSGQYPDGtMeaXAmjiTvtmpUMnMuXWuZ8Rs4a1v+62TOFdQLSARXnUtpFJNm2fMEDvm0ubmuaSCHYEeK5YXLbLS22W2blZw0x5kbt9GXGri4HGuwBa29pKhvjfhcufLNuJviglItxX3NTFwPKAujL5k4LPN/yhULMF3a1EZT5CUY8BQXzJwGdB5ta6NvmTgs9PahzGrq1q0Up8mbUeC+LylOgMHMe1A4coJ22maNzqhrwACMKFjXCg5yOZFogsvaY6XhNxiF39lPYpnKSSdjgottUaht6ynWOhL4yl+z5oVOFq6EK7lyKlwWfjGbhAcjQmFtmOmQ8waPYuQTtKLfIqXB2bnOO+c4+MSaLtHEaLnCuklrazAp0vcVu9izAyi52t5AwJHJght9WkdyD5dzie4hzg8x5zs0mOMyChaCa4gipa0Y1oalmtzTurWPz4mFjWuzzJv82sjQ92LgKt1nEkYUoFNVEcHchTyILlC/5NN4jupWbRbm6M4V2VFUHvy0Vs838N/UuNSs70qZ57ZXYu5G+1GLIe5c7/AFigNlk77yfajliPcyON/WVq0dEWULUe6n+E7qciuQjt7J5PUg1pPdK/u5B0ByuZJWkRseT9ld3SK2eP1zps4X7+2eb1r6Zur5iPxGeqF8u3taA61Z2re9a+nrjtEclnidG9r25jMWEOGjaE5epma9CLySSSQAAKYUApBamRMJ0wSKAIuKpzSgLvaH0CzNutpzgAssk1FGuOLkwlbbwEUb5KVzWudStK0FaVWetGUO7xkAStzm4OjLA5tdYzqivKCp3pKf0eTxH9SBXjaI7HZo5XuFO5A1wNCMSBrIGpcWWU5ek68UYR9Rytt2WSVsbXttJ3MPo4yAuJec5xcTpJOK4QXXFD+yvmir33eOL9lSSKU4kLly0s3gtefGFPaq02W7KjNhqNZL6EcgzTVY6MxtrxGmt97mKLNbnF4aO6SEVOrOLW4VVzJh889njdmvk76pAJxqeYakNyYumS9yJaGKztcA55xMhBqWR1FOInEDjOC9cu6wRwRNhiYGsYAGtGoDrPGtsHSt7y2M83UpbLczLbvtVMIDq0uYPxKbLvteuEeeztWtzU+auxdPHlnH3nwjMsu+1fRDV4bV2bd1p1sbq8MLQZqfNVdmIu6wIyw2geC3meENs9xWk2iWZ7BSQtzd+0lrWtAAw4wTzrXZqVEPDFiWVoz7rptHgtbpOl3FxBSfdFpNfm9HCd7qP86gZWDS5o5SEdmIdyQEF0Wj93q8J3upviq0bGczj7Qjjp4xSr2iuirgK8m1Js8ZIAe0k6AHCp5An2oi7rA8dinbpZ0Ob2rJ5U2p0NugOdTObKC07QWaRsOo8RXohtUQoDIzHAVc3E7BiheU1wQW+MAuDZWZxilFKsJ1Ha00FRxbVnkxKUaTNMeVxlbQAvCzRzDMlssUrQQRugaRWmnNLTQ4kKFlsjImlkVlijaTUtjowVoBWjWjGgHQsllXllbLDbJbNuDCGZhYSyQlzXMac6ocA4Z2cAQNVNIKDn4S7Z9Xj+7l99crxexusj8mws+TNnikMrYavOdi+V76ZxqaZwKqZTWVrLPLRtO5SuFHVG9zRShH2vQspJ8IttIwijr/CloOXfq9eN/wAlos8u6BuEMtMwEd8WbSdiiWPe2awm/CMRZX4+b1LQWKTeO5XdZWZsrsejqRqyyb1w+0Vo0dGOQjGZJGMBpnBwrStKmmhcbqtkTAWSZ4B1tINOUFd7Ge7Rcp6wvRrwySslrbnOZmSEV3SKjXE7XDQ7nFV0dPJx8HB1cVKVM8/iybFpdWC0sdXUagjlGkIlDc98Xd3SNsobpzrO4uaeNzRp5woXpkLa4DnwEStGIzN7IPJJx5jXiXe5fhFvGxncpTurW0BjtTTngbA7B4PLXkVzWrejGD07WXI/hSvJoDTK0kYEvjGdz6EkZb8JF1vGdLdz8899m7k4V4nOoT0BJZUzXUvoejKQKhVOCuw4zoCkSoZyi91NKAK9tJLVkrbaGxvFcTiFoL2tgaxxJAAGJOAXld93q+WSkVQATviMTU7Do6+RcvU1R1dOm2ai9LbWCTDwHdSD3nI1kbJZKOq2MZpDcG0xIqNAQOS1zhpDpCQQaijdHQh1tvkyNDDFn71o0kVoOdclavY6toe9BWS3E0LLBK5pALXtgBa5pxDm7zQdW3ToRjJe53WxxfLZTFE0/wC7Gxrnngtbm1A2u6OITkvksbSBPPZzHBWgOfvpSK1awUBAwxdhxV0j0mOZrGhrAA1oADWigAGgALRYo8f77i7kvZlqV0NmirmtaxgADWgAbA1oQex2iS2Shlc0YuoO9Y0aXHae3UhOXFuOZEyuDnOcafZAH41wum1uZYbwmB3zbOWNOsF4eOsN6FE7nkUPYuKUMbn7gjKXLB0rjDZXvjga40LXEPlIw3R7xjQ6migA9D5FQy261Zklpn3KNrpZTu0neNpva1wqT0ArCbovQfg4dudhvCfWRDEOKudX/sHQu9tQjt7HCv1Srk1F4XsZX1BILiGtaHEUGgDBa2zRhjGsBJzQBUkknaV5XdVoLrXCPttPmnO9i9G/SuNcPTXvJnd1KSajHwglUJCmwdCG/pSX6Xxrqs5dIUBGzqWbyika2dhoN8wahqJHYiP6YsjltbqSw8jvWb2rHqN8bNunVZEd8tIWTXY2ctBdZpQ0Gn+3LmgjkznM6F57Y7buT2yRnNe0hzXNwII0Fbb9J3S6Le0+C2J3Q7O/CvLd2XV0s/8AyVmHURSyyR7vZbdHarNFbWgNLyWyBvgTN0kbAaVHKEcui8BKC00z26eMbV5nkFaz8U2wV7yeJ44s4Rg+qVcydvUi2MFe+DwfNJ/CFyTfbz0vDN4LuYbflHpV4WFs7C00BxzXac08xxG0a/SvIL8vy22SV8M1nja5msSTZjm6ntNNB7RpBXp7LwprXG9LK62ROawRiZrHGJ8jGvGcNDHV8E11aNPLu4Rk7as57lFbM8blywtOncI+OkkhpxlNabeJY5jmhpdG6tC41OGpx4l1fe97Co3CJtQWuAhAwOkGjkImfNmPZJE1lW0GY0triKjSVhPGlukawycsD2U4jlHUi0L8HeP7ELEDmOGGz8hWIZhV3KD6P8IZ0Y2E7K7u0fjdi9jsbt6OQLx/J8h9qiGkVNV67ZyKYLTH4ObqN5F0FUrzumz2lubNE1+wkb4cjhiOZWQVIOW1nOYyX4OLMXEtmlaNQq004qltUy2tUkWAbqpBQLgFwkm41sYHaSWmhCL2vdkIq41Opo08p2DjQu+MowN5Dicd9p80a+U4LPhpec5xqTjiScdtdZ41z5M9bROrHgveQrztctpO+NBqAqKcg28Zx5EMMDWD2+wcavWiQMGnHUNZ7Ahu5yTOpTDi0NH551y6XN3I6XNQVRKc0b5TmNHN7SrkFzsjGou1mmjiCK2ayNjFG6TpJ0n/AAuj24JuXsjNK92ae3xiOCNjAQG1aPIAb+FCt11VWtsEodGxw1gHpxV5si6+3q3sxjm0qqPIssGPc6HNY403Sua0mlSzTTkUrJBJ8VW5ojeXOEIDQxxc7fDQ0Cp0leu7qnEildPU9Vly6puGij5i+JrX9UtH3E3urdZJWGdl0WtjoZWvfPFRjo3h5aNyxDSKkYOx4ivZM9LdFrLHqTRjHJpknweLXLY5m2yIvikaN9i5jmjvHayFuM8rZ56YPCyh0+lVZrPqnJ3RjjIo7otpnBNnhX2vqT3/AKGN3T8/kLKZaBzpIaNJwfoBPhN4l69ugTboplg1KrHHqKd0eS3bBIbtvBu5vznRMDW5rquNH4NFKnVoXnrblth0WO0nks83ur6c3VLdVePFojpIyZtcnKjyDIi7bSy7bax9mma57oM1r4pGucARXNaRU8yncl02ptrje6zTBoz6l0bwBvHgVJHGF66JApCRTPp1KSlZcOocIuNeTK7i/Wx3QVeujO3SgBpmS14t7h6aI7njaukL8VfbozeW1VGCvm7m7tJh4bj5xr7UFtVzteKFv+ONau3PbI9z2ODmkuALTUVac1w5iCqT4tiTV+CFKjzy8LlEeDgS06D+dBQO1XYBxjaK15DRepWiy5wIcMCsxeN3GI1GLOPGnE5YTx2dGPLX/DJXbG6zyiSPEjUccDyr0a4b+jmo07x/BOvxT7NKx77LQ1Aw2bFF0Wg9BHtWCySg6Z1OEZq0eqRy7V05Fg7pynfHRloq5ugPGLhy8Lr5Vr7NamvaHscHNOgjR/8Aq6IzUvByyg4+S5nJlHdklVkF+8rwjhbnSOpsAxc47GhYy876ltBLRvW8EGo8o+EeLQFXlMk7i97jjrODiNgHgjiHoU47OGjRzLLJmctl4N8eJR3fkhDEBiek6T+ehNPa83CmPoHL2KNqlOgdOPQFysd1mU5xJDdtBU8letKOP3Yp5faJwisLpiTTXi4j84orBCIxmsbTrJ2kq0yz5oo3ADUEntI0hEk2RF0Vi781XF8nF1qc7NnQqM7qYGv54lnRpZdsl92hkgibIQzMqAQ00OwE40RNt9Wj6U9DPdWTNtaHtJaa5obhxDZzK0y8W8F/QO1YSnlTpNnRGGNq6RphfFo+l9DfdUm31OP93+1vurNi8m8B/QO1S+MW8B/QO1T3cv8AJldrHwjTNvyf6T0N7FP46m4foHYssLxbwH9A7VMXm3gP6G9qfdy/yYu1j4RqRfM3D9DexML3m4Z6G9izIvZvAk6G9qY3w3gSdDfeR3cn8mLtQ4Rpje83DPo7FzF8zZxGfqadWsu7As2b5bwJOhvvLkL6YHneSaG6m7XfaT7mTl/cO3Dg1nxrLwz6ExvSXhlZf4/Z9HJ0N95RdlEz6OToZ7yO5k5f3F24cGo+NJOG7pKkLyk4TvOPasn+sTfopOhvan/WJv0T/wC3tT15OX9w7ceDW/p0h8N3nO7VE26Thv8APd2rLNyjb9E/+3tTPyiB0RP6Wo1z5f3Fojwap14yHw3ec7tSZeUjcQ93O4nrKyJyg/dO6QnbfxOiI87gjXPn+x9uPBpMmZc4zNzWgCRzqNa1uLjUnetFSSUazdgQ65bsMOcS7OzzXRSlUWphivQxJxjUjhy1KVorSM4lUms4OBGB5wiLmrnJEqkJGMvW5cyr2d7pI2f4QV0er8leiSxcSz96XOO+YOVo/D2LGcVLZmsJOLtGTfHgQRhoxTWO2TWZ2dE401tOIPKNfWrkkYpQ/wCRza1VliouZpwZ1Rkpo0UOWMRaM6N9debmkV4iSEyyroWnEtB5gnV95k9lGzkmANNfoCqyTg6NfWkkt8MV5OXPN3Rau+7d0o91M3Ztp7EabEaUAFNiSS2ZkiYbxBIxDYE6SVBZwdADqHR/lc3WJp8EJJJ0gtlWS5onGpaK6qYHpCiLhZx+c6vWkkjTF+wapLwxzcTRt849qQuNnH5zu1JJLRHgNcuSYuGOmJdzOd2pzk/HoBd57+1JJGiPAa5cjfq/HrLvPf2pfEEeqvnu7UkkaI8C1y5J/EMdNfnOr1qP6vw6S2uG0+1JJGmPAa5ciOT0WpgURk9DwAkknpjwGuXJMZOwcBvQFIZPw8BvQEkk9K4FqfI4ydi4A6Api4IeAOgBJJGlC1PkkMnYeA3oarMNwQtPeN4t63sSSTpIE2wk2INHoTpJJMtEXOUc1JJSyjk8KtIxJJZspAO97ta/fNoHeg8vHxrLysoSKbajjHtTpLN7lJ1ucKN2jnrX0J0kln2ka96R/9k=',1),(2,'https://loremflickr.com/640/480/hotel,bedroom?lock=3006103642177536',1),(3,'https://loremflickr.com/640/480/hotel,bedroom?lock=6248295640858624',1),(4,'https://loremflickr.com/640/480/hotel,bedroom?lock=39472515252224',2),(5,'https://loremflickr.com/640/480/hotel,bedroom?lock=8120954471317504',2),(6,'https://loremflickr.com/640/480/hotel,bedroom?lock=4517121805516800',2),(7,'https://loremflickr.com/640/480/hotel,bedroom?lock=5654995420577792',3),(8,'https://loremflickr.com/640/480/hotel,bedroom?lock=2277544665546752',3),(9,'https://loremflickr.com/640/480/hotel,bedroom?lock=7875646533402624',3),(10,'https://loremflickr.com/640/480/hotel,bedroom?lock=2375943192576',4),(11,'https://loremflickr.com/640/480/hotel,bedroom?lock=697826031960064',4),(12,'https://loremflickr.com/640/480/hotel,bedroom?lock=2749962150477824',4),(13,'https://loremflickr.com/640/480/hotel,bedroom?lock=749731722559488',5),(14,'https://loremflickr.com/640/480/hotel,bedroom?lock=7102145237090304',5),(15,'https://loremflickr.com/640/480/hotel,bedroom?lock=8095693642137600',5),(16,'https://loremflickr.com/640/480/hotel,bedroom?lock=1082647526768640',6),(17,'https://loremflickr.com/640/480/hotel,bedroom?lock=6362904605491200',6),(18,'https://loremflickr.com/640/480/hotel,bedroom?lock=3703904059523072',6),(19,'https://loremflickr.com/640/480/hotel,bedroom?lock=8477851519025152',7),(20,'https://loremflickr.com/640/480/hotel,bedroom?lock=6404911545712640',7),(21,'https://loremflickr.com/640/480/hotel,bedroom?lock=8398276850089984',7),(22,'https://loremflickr.com/640/480/hotel,bedroom?lock=4751920935731200',8),(23,'https://loremflickr.com/640/480/hotel,bedroom?lock=2435970299330560',8),(24,'https://loremflickr.com/640/480/hotel,bedroom?lock=392272136896512',8),(25,'https://loremflickr.com/640/480/hotel,bedroom?lock=3668219449573376',9),(26,'https://loremflickr.com/640/480/hotel,bedroom?lock=8891462294962176',9),(27,'https://loremflickr.com/640/480/hotel,bedroom?lock=8629583152676864',9),(28,'https://loremflickr.com/640/480/hotel,bedroom?lock=2730156248530944',10),(29,'https://loremflickr.com/640/480/hotel,bedroom?lock=3299521731756032',10),(30,'https://loremflickr.com/640/480/hotel,bedroom?lock=5969560899420160',10),(31,'https://loremflickr.com/640/480/hotel,bedroom?lock=2604062906253312',11),(32,'https://loremflickr.com/640/480/hotel,bedroom?lock=4743129831833600',11),(33,'https://loremflickr.com/640/480/hotel,bedroom?lock=8165253816778752',11),(34,'https://loremflickr.com/640/480/hotel,bedroom?lock=8082816868810752',12),(35,'https://loremflickr.com/640/480/hotel,bedroom?lock=2065100724764672',12),(36,'https://loremflickr.com/640/480/hotel,bedroom?lock=388287497764864',12),(37,'https://loremflickr.com/640/480/hotel,bedroom?lock=4812700171370496',13),(38,'https://loremflickr.com/640/480/hotel,bedroom?lock=4467203193700352',13),(39,'https://loremflickr.com/640/480/hotel,bedroom?lock=4485869249495040',13),(40,'https://loremflickr.com/640/480/hotel,bedroom?lock=2656174637842432',14),(41,'https://loremflickr.com/640/480/hotel,bedroom?lock=7163381572173824',14),(42,'https://loremflickr.com/640/480/hotel,bedroom?lock=6677840623828992',14),(43,'https://loremflickr.com/640/480/hotel,bedroom?lock=7927703728553984',15),(44,'https://loremflickr.com/640/480/hotel,bedroom?lock=2056894610931712',15),(45,'https://loremflickr.com/640/480/hotel,bedroom?lock=1922240216039424',15);
UNLOCK TABLES;


DROP TABLE IF EXISTS `room`;

CREATE TABLE `room` (
  `id` int NOT NULL AUTO_INCREMENT,
  `room_type` varchar(255) NOT NULL,
  `room_number` varchar(255) NOT NULL,
  `description` varchar(500) NOT NULL,
  `offer` varchar(255) NOT NULL,
  `room_floor` varchar(255) NOT NULL,
  `rate` int NOT NULL,
  `discount` int NOT NULL,
  `status` varchar(255) NOT NULL,
  PRIMARY KEY (`id`)
) ENGINE=InnoDB AUTO_INCREMENT=16 DEFAULT CHARSET=utf8mb4 COLLATE=utf8mb4_0900_ai_ci;


LOCK TABLES `room` WRITE;
INSERT INTO `room` VALUES (1,'Single Room','denuncio-16','Studio synagoga velum valetudo copiose. Aegrus viscus videlicet desolo.','YES','5',33756,93,'Booked'),(2,'Double Room','trepide-38','Nesciunt vallum una usus peccatus. Dapifer adimpleo amoveo aurum alii votum absens quis condico.','NO','19',8824,0,'Booked'),(3,'Suite','corroboro-125','Suffoco quis confero addo annus utrum impedit aduro aer. Tolero cultellus centum ipsam tamquam curriculum.','YES','21',6147,77,'Booked'),(4,'Suite','benevolentia-202','Unus video sollers cogo modi. Ancilla dapifer ancilla cattus cupressus.','YES','3',20972,89,'Available'),(5,'Single Room','adhuc-202','Victus cuius accendo perferendis virtus coerceo cresco vilitas cometes caries. Ara caput asperiores thesaurus tabgo aut utrimque.','NO','5',24273,0,'Booked'),(6,'Double Room','ultio-102','Creta bos venia verus admoveo dolore deficio trucido. Compono timor territo vivo apto cena spiculum summa sublime coepi.','YES','18',13174,81,'Available'),(7,'Double Room','defero-56','Degero catena auditor curiositas. Aeternus cicuta curvo taedium trans tabesco adaugeo sortitus.','YES','20',23816,79,'Available'),(8,'Deluxe Superior','acsi-81','Arceo cibus turpis depono admoveo. Desino aequitas tenus absorbeo thesis talis colo accusator earum degero.','NO','20',9279,0,'Booked'),(9,'Single Room','cresco-29','Concido urbs color pariatur. Eveniet suppono antea inflammatio terreo tergeo teneo celebrer.','NO','9',7575,0,'Booked'),(10,'Single Room','tredecim-202','Tempus altus coerceo quaerat sequi caelum brevis pecus auditor quod. Ustilo ager cum tergum vitiosus cuius.','NO','13',16825,0,'Booked'),(11,'Suite','dolores-144','Vallum umerus articulus timor tristis stella abeo. Nesciunt amaritudo appono aeternus attonbitus bardus.','YES','6',5363,12,'Booked'),(12,'Double Room','voluptate-96','Dicta a volubilis tracto certe illo defungo decens. Traho bibo usitas ars iusto curtus caries volutabrum.','NO','17',31201,0,'Booked'),(13,'Suite','advoco-168','Sint beatus cognatus. Tunc calamitas vetus adopto xiphias desidero curia tonsor.','NO','14',32415,0,'Booked'),(14,'Deluxe Superior','creptio-237','Surgo molestias turbo verto. Crux currus urbanus.','YES','16',25911,71,'Booked'),(15,'Double Room','caput-135','Cometes vigor laudantium eveniet demum. Comminor talus thesis tribuo tertius spiculum bestia degero.','YES','6',34514,15,'Available');
UNLOCK TABLES;



DROP TABLE IF EXISTS `room_amenity`;

CREATE TABLE `room_amenity` (
  `id` int NOT NULL AUTO_INCREMENT,
  `room_id` int NOT NULL,
  `amenity_id` int NOT NULL,
  PRIMARY KEY (`id`),
  KEY `room_id` (`room_id`),
  KEY `amenity_id` (`amenity_id`),
  CONSTRAINT `room_amenity_ibfk_1` FOREIGN KEY (`room_id`) REFERENCES `room` (`id`) ON DELETE CASCADE,
  CONSTRAINT `room_amenity_ibfk_2` FOREIGN KEY (`amenity_id`) REFERENCES `amenity` (`id`) ON DELETE CASCADE
) ENGINE=InnoDB AUTO_INCREMENT=154 DEFAULT CHARSET=utf8mb4 COLLATE=utf8mb4_0900_ai_ci;


LOCK TABLES `room_amenity` WRITE;
INSERT INTO `room_amenity` VALUES (1,1,16),(2,1,8),(3,1,1),(4,1,14),(5,1,17),(6,1,12),(7,1,10),(8,1,4),(9,1,18),(10,1,15),(11,1,13),(12,1,3),(13,1,11),(14,1,5),(15,1,7),(16,1,6),(17,1,9),(18,2,11),(19,2,3),(20,2,10),(21,2,17),(22,2,18),(23,2,7),(24,2,1),(25,2,2),(26,2,9),(27,2,15),(28,2,16),(29,2,13),(30,2,14),(31,2,5),(32,3,6),(33,3,3),(34,3,14),(35,3,13),(36,3,9),(37,3,8),(38,3,2),(39,3,18),(40,3,16),(41,3,10),(42,3,5),(43,3,15),(44,3,7),(45,3,12),(46,4,11),(47,4,3),(48,4,5),(49,4,17),(50,4,4),(51,4,13),(52,4,12),(53,4,7),(54,4,9),(55,5,2),(56,5,7),(57,5,17),(58,5,1),(59,5,4),(60,5,16),(61,5,14),(62,6,8),(63,6,9),(64,6,13),(65,6,12),(66,6,2),(67,6,14),(68,6,11),(69,6,17),(70,6,4),(71,6,7),(72,6,15),(73,6,3),(74,6,16),(75,6,6),(76,6,1),(77,6,10),(78,7,9),(79,7,6),(80,7,13),(81,7,2),(82,7,15),(83,7,1),(84,7,11),(85,7,8),(86,7,5),(87,7,12),(88,7,17),(89,7,10),(90,7,7),(91,8,9),(92,8,16),(93,8,10),(94,8,8),(95,8,3),(96,8,17),(97,9,6),(98,9,8),(99,9,15),(100,9,12),(101,9,17),(102,9,14),(103,9,2),(104,9,10),(105,9,3),(106,9,4),(107,10,18),(108,10,9),(109,10,4),(110,10,6),(111,10,1),(112,10,16),(113,10,7),(114,10,11),(115,10,2),(116,10,3),(117,10,5),(118,10,15),(119,10,17),(120,10,12),(121,10,8),(122,10,13),(123,11,14),(124,11,2),(125,11,4),(126,11,8),(127,11,16),(128,11,5),(129,11,15),(130,12,15),(131,13,3),(132,13,7),(133,13,10),(134,13,18),(135,13,12),(136,13,5),(137,13,14),(138,13,9),(139,14,9),(140,14,7),(141,14,14),(142,14,6),(143,15,16),(144,15,3),(145,15,18),(146,15,17),(147,15,6),(148,15,13),(149,15,10),(150,15,15),(151,15,12),(152,15,11),(153,15,7);
UNLOCK TABLES;
